record_type,status,stage,split,family,lexicon,model,model_revision,tokenizer_id,stratum,n_rows,n_templates,n_mappings,already_correct,censored,censoring_rate,ci_hi,ci_lo,ci_reps,ci_seed,ci_status,ci_unit,k_star,km_median,margins,n,n_censored,n_down_crossings,n_events,n_up_crossings,nonmonotone,population,recrossed_down,share_already_correct,share_nonmonotone,share_recrossed_down,site_id,sustained_k,template,top_rung,value,warning
site,ok,smoke,DEVELOPMENT,dom,d50s1,Qwen/Qwen2.5-Coder-0.5B,8123ea2e9354afb7ffcc6c8641d1b2f5ecf18301,cc349caf59f0697a,sigil,,,,True,False,,,,,,,,0,,"[0.70440673828125, -1.359266310930252, -0.8977146148681641, 0.5408496856689453, 0.2561168670654297]",,,1,,1,True,,True,,,,dom:d50s1:t000:T_CLASS_SIGIL:0,4,t000,8,,
site,ok,smoke,DEVELOPMENT,dom,d50s1,Qwen/Qwen2.5-Coder-0.5B,8123ea2e9354afb7ffcc6c8641d1b2f5ecf18301,cc349caf59f0697a,verb,,,,False,True,,,,,,,,,,"[-4.407952308654785, -4.0268731117248535, -2.869487762451172, -2.1643056869506836, -1.6009521484375]",,,0,,0,False,,False,,,,dom:d50s1:t002:T_VERB_MOVE:0,,t002,8,,
site,ok,smoke,DEVELOPMENT,dom,d50s1,Qwen/Qwen2.5-Coder-0.5B,8123ea2e9354afb7ffcc6c8641d1b2f5ecf18301,cc349caf59f0697a,keyword,,,,False,False,,,,,,,,6.81651,,"[-5.38327431678772, -6.304983615875244, -6.229358434677124, -5.934390306472778, 2.493617683649063]",,,0,,1,True,,False,,,,dom:d50s1:t004:T_PSEUDO_SELECTED:0,8,t004,8,,
site,ok,smoke,DEVELOPMENT,dom,d50s1,Qwen/Qwen2.5-Coder-0.5B,8123ea2e9354afb7ffcc6c8641d1b2f5ecf18301,cc349caf59f0697a,sigil,,,,True,False,,,,,,,,0,,"[0.7033519744873047, 2.8631832599639893, 1.8235788345336914, 1.9130256175994873, 5.663977414369583]",,,0,,0,True,,False,,,,dom:d50s1:t005:T_CLASS_SIGIL:0,0,t005,8,,
site,ok,smoke,DEVELOPMENT,dom,d50s1,Qwen/Qwen2.5-Coder-0.5B,8123ea2e9354afb7ffcc6c8641d1b2f5ecf18301,cc349caf59f0697a,verb,,,,True,False,,,,,,,,0,,"[4.138452529907227, 2.65102481842041, 1.877065896987915, 2.39300537109375, 0.6920490264892578]",,,0,,0,True,,False,,,,dom:d50s1:t006:T_VERB_DUPLICATE:0,0,t006,8,,
site,ok,smoke,DEVELOPMENT,dom,d50s1,Qwen/Qwen2.5-Coder-0.5B,8123ea2e9354afb7ffcc6c8641d1b2f5ecf18301,cc349caf59f0697a,keyword,,,,False,False,,,,,,,,1.70175,,"[-2.4761980772018433, -1.6511707305908203, 0.7017480134963989, 0.40289306640625, -1.103692889213562]",,,1,,1,True,,True,,,,dom:d50s1:t011:T_TYPE_MESH:0,,t011,8,,
km_summary,,smoke,DEVELOPMENT,dom,,Qwen/Qwen2.5-Coder-0.5B,8123ea2e9354afb7ffcc6c8641d1b2f5ecf18301,cc349caf59f0697a,,6,6,1,,,0.166667,,,200,20261002,NO INTERVAL (<8 template clusters),template,,0,,6,1,,5,,,ALL_SITES,,,,,,,,,,
km_summary,,smoke,DEVELOPMENT,dom,,Qwen/Qwen2.5-Coder-0.5B,8123ea2e9354afb7ffcc6c8641d1b2f5ecf18301,cc349caf59f0697a,,6,6,1,,,0.333333,,,200,20261002,NO INTERVAL (<8 template clusters),template,,6.81651,,3,1,,2,,,INITIALLY_WRONG,,,,,,,,,,
diagnostic_median_among_crossers,,smoke,,dom,,Qwen/Qwen2.5-Coder-0.5B,,,,,,,,,,,,,,,,,,,,,,,,,,,,,,,,,,4.25913,drops censored sites; underestimates k*; diagnostic only
curve_shape,,smoke,,dom,,Qwen/Qwen2.5-Coder-0.5B,,,,,,,,,,,,,,,,,,,,,,,,,,,0.5,0.833333,0.333333,,,,,,
