status,stage,split,family,lexicon,model,model_revision,tokenizer_id,stratum,condition,cell_key,char_offset,competitor,correct,demo_ids,demo_order_sha,demo_seed,demo_set_sha,dtype,exclusion_reason,first_div_competitor,first_div_correct,fp32_head,k_common,kind,logp_competitor,logp_correct,m_seq,merged,model_family,model_kind,model_size_b,n_prefix_tokens,n_tok_competitor,n_tok_correct,occurrence,prompt_chars,prompt_sha,role,row_key,run_id,rung,schema_version,site_id,split_kind,template,terminal,tie
ok,smoke,DEVELOPMENT,dom,d50s1,Qwen/Qwen2.5-Coder-0.5B,8123ea2e9354afb7ffcc6c8641d1b2f5ecf18301,cc349caf59f0697a,sigil,rule,primary_dom_d50s1_ladder_0__0a5965e369fa0b20,17,.,#,[],ac3a3278d062e7006c72bbb860acce00e2c02e8e395a5f1be2959f73645409fa,20261005,e3b0c44298fc1c149afbf4c8996fb92427ae41e4649b934ca495991b7852b855,bfloat16,,('.,('#,True,302,ladder,-5.13579,-4.48846,0.647326,True,qwen2.5-coder,base,0.5,303,1,1,0,1527,9668e9c3a58c94ac3fc1b1db7eede01ec995c8a80fac2ed143b7e0b8b40b6c92,class matcher sigil,primary_dom_d50s1_ladder_0__0a5965e369fa0b20|dom:d50s1:t000:T_CLASS_SIGIL:0|ladder|000,smoke-local-20261005,0,p33/1,dom:d50s1:t000:T_CLASS_SIGIL:0,dev,t000,T_CLASS_SIGIL,False
ok,smoke,DEVELOPMENT,dom,d50s1,Qwen/Qwen2.5-Coder-0.5B,8123ea2e9354afb7ffcc6c8641d1b2f5ecf18301,cc349caf59f0697a,sigil,rule,primary_dom_d50s1_ladder_0__0a5965e369fa0b20,17,.,#,"[""t001""]",ac3a3278d062e7006c72bbb860acce00e2c02e8e395a5f1be2959f73645409fa,20261005,d281337a913d3f81d197158d3ee357b54a09ef7522d4808539b5617341ef1af3,bfloat16,,('.,('#,True,318,ladder,-0.491299,-1.88733,-1.39603,True,qwen2.5-coder,base,0.5,319,1,1,0,1527,9668e9c3a58c94ac3fc1b1db7eede01ec995c8a80fac2ed143b7e0b8b40b6c92,class matcher sigil,primary_dom_d50s1_ladder_0__0a5965e369fa0b20|dom:d50s1:t000:T_CLASS_SIGIL:0|ladder|001,smoke-local-20261005,1,p33/1,dom:d50s1:t000:T_CLASS_SIGIL:0,dev,t000,T_CLASS_SIGIL,False
ok,smoke,DEVELOPMENT,dom,d50s1,Qwen/Qwen2.5-Coder-0.5B,8123ea2e9354afb7ffcc6c8641d1b2f5ecf18301,cc349caf59f0697a,sigil,rule,primary_dom_d50s1_ladder_0__0a5965e369fa0b20,17,.,#,"[""t001"", ""t035""]",ac3a3278d062e7006c72bbb860acce00e2c02e8e395a5f1be2959f73645409fa,20261005,241b87f7bf9d0c3f82fa149ea51a0a99b81dbb045d69aa8cf34a7d506e0b2244,bfloat16,,('.,('#,True,353,ladder,-1.20769,-2.13919,-0.931494,True,qwen2.5-coder,base,0.5,354,1,1,0,1527,9668e9c3a58c94ac3fc1b1db7eede01ec995c8a80fac2ed143b7e0b8b40b6c92,class matcher sigil,primary_dom_d50s1_ladder_0__0a5965e369fa0b20|dom:d50s1:t000:T_CLASS_SIGIL:0|ladder|002,smoke-local-20261005,2,p33/1,dom:d50s1:t000:T_CLASS_SIGIL:0,dev,t000,T_CLASS_SIGIL,False
ok,smoke,DEVELOPMENT,dom,d50s1,Qwen/Qwen2.5-Coder-0.5B,8123ea2e9354afb7ffcc6c8641d1b2f5ecf18301,cc349caf59f0697a,sigil,rule,primary_dom_d50s1_ladder_0__0a5965e369fa0b20,17,.,#,"[""t001"", ""t035"", ""t017"", ""t010""]",ac3a3278d062e7006c72bbb860acce00e2c02e8e395a5f1be2959f73645409fa,20261005,a93eca94fd900ee86378dc781080b6391f5f390b5e33d69378fce87f496e4aaa,bfloat16,,('.,('#,True,392,ladder,-1.58731,-1.07709,0.510225,True,qwen2.5-coder,base,0.5,393,1,1,0,1527,9668e9c3a58c94ac3fc1b1db7eede01ec995c8a80fac2ed143b7e0b8b40b6c92,class matcher sigil,primary_dom_d50s1_ladder_0__0a5965e369fa0b20|dom:d50s1:t000:T_CLASS_SIGIL:0|ladder|004,smoke-local-20261005,4,p33/1,dom:d50s1:t000:T_CLASS_SIGIL:0,dev,t000,T_CLASS_SIGIL,False
ok,smoke,DEVELOPMENT,dom,d50s1,Qwen/Qwen2.5-Coder-0.5B,8123ea2e9354afb7ffcc6c8641d1b2f5ecf18301,cc349caf59f0697a,sigil,rule,primary_dom_d50s1_ladder_0__0a5965e369fa0b20,17,.,#,"[""t001"", ""t035"", ""t017"", ""t010"", ""t019"", ""t012"", ""t015"", ""t043""]",ac3a3278d062e7006c72bbb860acce00e2c02e8e395a5f1be2959f73645409fa,20261005,63ff57672ee686a94202c3e7fd735602917b8a197bc976484e4615d2aafcbf93,bfloat16,,('.,('#,True,488,ladder,-1.55998,-1.34362,0.216362,True,qwen2.5-coder,base,0.5,489,1,1,0,1527,9668e9c3a58c94ac3fc1b1db7eede01ec995c8a80fac2ed143b7e0b8b40b6c92,class matcher sigil,primary_dom_d50s1_ladder_0__0a5965e369fa0b20|dom:d50s1:t000:T_CLASS_SIGIL:0|ladder|008,smoke-local-20261005,8,p33/1,dom:d50s1:t000:T_CLASS_SIGIL:0,dev,t000,T_CLASS_SIGIL,False
ok,smoke,DEVELOPMENT,dom,d50s1,Qwen/Qwen2.5-Coder-0.5B,8123ea2e9354afb7ffcc6c8641d1b2f5ecf18301,cc349caf59f0697a,verb,rule,primary_dom_d50s1_ladder_0__0a5965e369fa0b20,25,move,duplicate,[],ac3a3278d062e7006c72bbb860acce00e2c02e8e395a5f1be2959f73645409fa,20261005,e3b0c44298fc1c149afbf4c8996fb92427ae41e4649b934ca495991b7852b855,bfloat16,,move,duplicate,True,306,ladder,-6.54115,-10.9848,-4.44362,False,qwen2.5-coder,base,0.5,306,1,1,0,1527,9668e9c3a58c94ac3fc1b1db7eede01ec995c8a80fac2ed143b7e0b8b40b6c92,operation verb,primary_dom_d50s1_ladder_0__0a5965e369fa0b20|dom:d50s1:t002:T_VERB_MOVE:0|ladder|000,smoke-local-20261005,0,p33/1,dom:d50s1:t002:T_VERB_MOVE:0,dev,t002,T_VERB_MOVE,False
ok,smoke,DEVELOPMENT,dom,d50s1,Qwen/Qwen2.5-Coder-0.5B,8123ea2e9354afb7ffcc6c8641d1b2f5ecf18301,cc349caf59f0697a,verb,rule,primary_dom_d50s1_ladder_0__0a5965e369fa0b20,25,move,duplicate,"[""t001""]",ac3a3278d062e7006c72bbb860acce00e2c02e8e395a5f1be2959f73645409fa,20261005,d281337a913d3f81d197158d3ee357b54a09ef7522d4808539b5617341ef1af3,bfloat16,,move,duplicate,True,322,ladder,-4.21417,-8.16961,-3.95544,False,qwen2.5-coder,base,0.5,322,1,1,0,1527,9668e9c3a58c94ac3fc1b1db7eede01ec995c8a80fac2ed143b7e0b8b40b6c92,operation verb,primary_dom_d50s1_ladder_0__0a5965e369fa0b20|dom:d50s1:t002:T_VERB_MOVE:0|ladder|001,smoke-local-20261005,1,p33/1,dom:d50s1:t002:T_VERB_MOVE:0,dev,t002,T_VERB_MOVE,False
ok,smoke,DEVELOPMENT,dom,d50s1,Qwen/Qwen2.5-Coder-0.5B,8123ea2e9354afb7ffcc6c8641d1b2f5ecf18301,cc349caf59f0697a,verb,rule,primary_dom_d50s1_ladder_0__0a5965e369fa0b20,25,move,duplicate,"[""t001"", ""t035""]",ac3a3278d062e7006c72bbb860acce00e2c02e8e395a5f1be2959f73645409fa,20261005,241b87f7bf9d0c3f82fa149ea51a0a99b81dbb045d69aa8cf34a7d506e0b2244,bfloat16,,move,duplicate,True,357,ladder,-3.07092,-5.87551,-2.80459,False,qwen2.5-coder,base,0.5,357,1,1,0,1527,9668e9c3a58c94ac3fc1b1db7eede01ec995c8a80fac2ed143b7e0b8b40b6c92,operation verb,primary_dom_d50s1_ladder_0__0a5965e369fa0b20|dom:d50s1:t002:T_VERB_MOVE:0|ladder|002,smoke-local-20261005,2,p33/1,dom:d50s1:t002:T_VERB_MOVE:0,dev,t002,T_VERB_MOVE,False
ok,smoke,DEVELOPMENT,dom,d50s1,Qwen/Qwen2.5-Coder-0.5B,8123ea2e9354afb7ffcc6c8641d1b2f5ecf18301,cc349caf59f0697a,verb,rule,primary_dom_d50s1_ladder_0__0a5965e369fa0b20,25,move,duplicate,"[""t001"", ""t035"", ""t017"", ""t010""]",ac3a3278d062e7006c72bbb860acce00e2c02e8e395a5f1be2959f73645409fa,20261005,a93eca94fd900ee86378dc781080b6391f5f390b5e33d69378fce87f496e4aaa,bfloat16,,move,duplicate,True,396,ladder,-3.09277,-5.35608,-2.26331,False,qwen2.5-coder,base,0.5,396,1,1,0,1527,9668e9c3a58c94ac3fc1b1db7eede01ec995c8a80fac2ed143b7e0b8b40b6c92,operation verb,primary_dom_d50s1_ladder_0__0a5965e369fa0b20|dom:d50s1:t002:T_VERB_MOVE:0|ladder|004,smoke-local-20261005,4,p33/1,dom:d50s1:t002:T_VERB_MOVE:0,dev,t002,T_VERB_MOVE,False
ok,smoke,DEVELOPMENT,dom,d50s1,Qwen/Qwen2.5-Coder-0.5B,8123ea2e9354afb7ffcc6c8641d1b2f5ecf18301,cc349caf59f0697a,verb,rule,primary_dom_d50s1_ladder_0__0a5965e369fa0b20,25,move,duplicate,"[""t001"", ""t035"", ""t017"", ""t010"", ""t019"", ""t012"", ""t015"", ""t043""]",ac3a3278d062e7006c72bbb860acce00e2c02e8e395a5f1be2959f73645409fa,20261005,63ff57672ee686a94202c3e7fd735602917b8a197bc976484e4615d2aafcbf93,bfloat16,,move,duplicate,True,492,ladder,-3.43275,-5.08723,-1.65448,False,qwen2.5-coder,base,0.5,492,1,1,0,1527,9668e9c3a58c94ac3fc1b1db7eede01ec995c8a80fac2ed143b7e0b8b40b6c92,operation verb,primary_dom_d50s1_ladder_0__0a5965e369fa0b20|dom:d50s1:t002:T_VERB_MOVE:0|ladder|008,smoke-local-20261005,8,p33/1,dom:d50s1:t002:T_VERB_MOVE:0,dev,t002,T_VERB_MOVE,False
ok,smoke,DEVELOPMENT,dom,d50s1,Qwen/Qwen2.5-Coder-0.5B,8123ea2e9354afb7ffcc6c8641d1b2f5ecf18301,cc349caf59f0697a,keyword,rule,primary_dom_d50s1_ladder_0__0a5965e369fa0b20,18,selected,lasso,[],ac3a3278d062e7006c72bbb860acce00e2c02e8e395a5f1be2959f73645409fa,20261005,e3b0c44298fc1c149afbf4c8996fb92427ae41e4649b934ca495991b7852b855,bfloat16,,selected,lass,True,303,ladder,-1.71236,-7.19383,-5.48147,False,qwen2.5-coder,base,0.5,303,1,2,0,1527,9668e9c3a58c94ac3fc1b1db7eede01ec995c8a80fac2ed143b7e0b8b40b6c92,pseudo-selector keyword,primary_dom_d50s1_ladder_0__0a5965e369fa0b20|dom:d50s1:t004:T_PSEUDO_SELECTED:0|ladder|000,smoke-local-20261005,0,p33/1,dom:d50s1:t004:T_PSEUDO_SELECTED:0,dev,t004,T_PSEUDO_SELECTED,False
ok,smoke,DEVELOPMENT,dom,d50s1,Qwen/Qwen2.5-Coder-0.5B,8123ea2e9354afb7ffcc6c8641d1b2f5ecf18301,cc349caf59f0697a,keyword,rule,primary_dom_d50s1_ladder_0__0a5965e369fa0b20,18,selected,lasso,"[""t001""]",ac3a3278d062e7006c72bbb860acce00e2c02e8e395a5f1be2959f73645409fa,20261005,d281337a913d3f81d197158d3ee357b54a09ef7522d4808539b5617341ef1af3,bfloat16,,selected,lass,True,319,ladder,-2.27031,-8.5698,-6.29949,False,qwen2.5-coder,base,0.5,319,1,2,0,1527,9668e9c3a58c94ac3fc1b1db7eede01ec995c8a80fac2ed143b7e0b8b40b6c92,pseudo-selector keyword,primary_dom_d50s1_ladder_0__0a5965e369fa0b20|dom:d50s1:t004:T_PSEUDO_SELECTED:0|ladder|001,smoke-local-20261005,1,p33/1,dom:d50s1:t004:T_PSEUDO_SELECTED:0,dev,t004,T_PSEUDO_SELECTED,False
ok,smoke,DEVELOPMENT,dom,d50s1,Qwen/Qwen2.5-Coder-0.5B,8123ea2e9354afb7ffcc6c8641d1b2f5ecf18301,cc349caf59f0697a,keyword,rule,primary_dom_d50s1_ladder_0__0a5965e369fa0b20,18,selected,lasso,"[""t001"", ""t035""]",ac3a3278d062e7006c72bbb860acce00e2c02e8e395a5f1be2959f73645409fa,20261005,241b87f7bf9d0c3f82fa149ea51a0a99b81dbb045d69aa8cf34a7d506e0b2244,bfloat16,,selected,lass,True,354,ladder,-2.66635,-8.85069,-6.18434,False,qwen2.5-coder,base,0.5,354,1,2,0,1527,9668e9c3a58c94ac3fc1b1db7eede01ec995c8a80fac2ed143b7e0b8b40b6c92,pseudo-selector keyword,primary_dom_d50s1_ladder_0__0a5965e369fa0b20|dom:d50s1:t004:T_PSEUDO_SELECTED:0|ladder|002,smoke-local-20261005,2,p33/1,dom:d50s1:t004:T_PSEUDO_SELECTED:0,dev,t004,T_PSEUDO_SELECTED,False
ok,smoke,DEVELOPMENT,dom,d50s1,Qwen/Qwen2.5-Coder-0.5B,8123ea2e9354afb7ffcc6c8641d1b2f5ecf18301,cc349caf59f0697a,keyword,rule,primary_dom_d50s1_ladder_0__0a5965e369fa0b20,18,selected,lasso,"[""t001"", ""t035"", ""t017"", ""t010""]",ac3a3278d062e7006c72bbb860acce00e2c02e8e395a5f1be2959f73645409fa,20261005,a93eca94fd900ee86378dc781080b6391f5f390b5e33d69378fce87f496e4aaa,bfloat16,,selected,lass,True,393,ladder,-3.28945,-9.11349,-5.82403,False,qwen2.5-coder,base,0.5,393,1,2,0,1527,9668e9c3a58c94ac3fc1b1db7eede01ec995c8a80fac2ed143b7e0b8b40b6c92,pseudo-selector keyword,primary_dom_d50s1_ladder_0__0a5965e369fa0b20|dom:d50s1:t004:T_PSEUDO_SELECTED:0|ladder|004,smoke-local-20261005,4,p33/1,dom:d50s1:t004:T_PSEUDO_SELECTED:0,dev,t004,T_PSEUDO_SELECTED,False
ok,smoke,DEVELOPMENT,dom,d50s1,Qwen/Qwen2.5-Coder-0.5B,8123ea2e9354afb7ffcc6c8641d1b2f5ecf18301,cc349caf59f0697a,keyword,rule,primary_dom_d50s1_ladder_0__0a5965e369fa0b20,18,selected,lasso,"[""t001"", ""t035"", ""t017"", ""t010"", ""t019"", ""t012"", ""t015"", ""t043""]",ac3a3278d062e7006c72bbb860acce00e2c02e8e395a5f1be2959f73645409fa,20261005,63ff57672ee686a94202c3e7fd735602917b8a197bc976484e4615d2aafcbf93,bfloat16,,selected,lass,True,489,ladder,-2.90777,-0.37824,2.52953,False,qwen2.5-coder,base,0.5,489,1,2,0,1527,9668e9c3a58c94ac3fc1b1db7eede01ec995c8a80fac2ed143b7e0b8b40b6c92,pseudo-selector keyword,primary_dom_d50s1_ladder_0__0a5965e369fa0b20|dom:d50s1:t004:T_PSEUDO_SELECTED:0|ladder|008,smoke-local-20261005,8,p33/1,dom:d50s1:t004:T_PSEUDO_SELECTED:0,dev,t004,T_PSEUDO_SELECTED,False
ok,smoke,DEVELOPMENT,dom,d50s1,Qwen/Qwen2.5-Coder-0.5B,8123ea2e9354afb7ffcc6c8641d1b2f5ecf18301,cc349caf59f0697a,sigil,rule,primary_dom_d50s1_ladder_0__0a5965e369fa0b20,21,.,#,[],ac3a3278d062e7006c72bbb860acce00e2c02e8e395a5f1be2959f73645409fa,20261005,e3b0c44298fc1c149afbf4c8996fb92427ae41e4649b934ca495991b7852b855,bfloat16,,.,#,True,304,ladder,-6.25321,-5.56181,0.691401,False,qwen2.5-coder,base,0.5,304,1,1,0,1527,9668e9c3a58c94ac3fc1b1db7eede01ec995c8a80fac2ed143b7e0b8b40b6c92,class matcher sigil,primary_dom_d50s1_ladder_0__0a5965e369fa0b20|dom:d50s1:t005:T_CLASS_SIGIL:0|ladder|000,smoke-local-20261005,0,p33/1,dom:d50s1:t005:T_CLASS_SIGIL:0,dev,t005,T_CLASS_SIGIL,False
ok,smoke,DEVELOPMENT,dom,d50s1,Qwen/Qwen2.5-Coder-0.5B,8123ea2e9354afb7ffcc6c8641d1b2f5ecf18301,cc349caf59f0697a,sigil,rule,primary_dom_d50s1_ladder_0__0a5965e369fa0b20,21,.,#,"[""t001""]",ac3a3278d062e7006c72bbb860acce00e2c02e8e395a5f1be2959f73645409fa,20261005,d281337a913d3f81d197158d3ee357b54a09ef7522d4808539b5617341ef1af3,bfloat16,,.,#,True,320,ladder,-5.14116,-2.29268,2.84848,False,qwen2.5-coder,base,0.5,320,1,1,0,1527,9668e9c3a58c94ac3fc1b1db7eede01ec995c8a80fac2ed143b7e0b8b40b6c92,class matcher sigil,primary_dom_d50s1_ladder_0__0a5965e369fa0b20|dom:d50s1:t005:T_CLASS_SIGIL:0|ladder|001,smoke-local-20261005,1,p33/1,dom:d50s1:t005:T_CLASS_SIGIL:0,dev,t005,T_CLASS_SIGIL,False
ok,smoke,DEVELOPMENT,dom,d50s1,Qwen/Qwen2.5-Coder-0.5B,8123ea2e9354afb7ffcc6c8641d1b2f5ecf18301,cc349caf59f0697a,sigil,rule,primary_dom_d50s1_ladder_0__0a5965e369fa0b20,21,.,#,"[""t001"", ""t035""]",ac3a3278d062e7006c72bbb860acce00e2c02e8e395a5f1be2959f73645409fa,20261005,241b87f7bf9d0c3f82fa149ea51a0a99b81dbb045d69aa8cf34a7d506e0b2244,bfloat16,,.,#,True,355,ladder,-4.67066,-2.90551,1.76516,False,qwen2.5-coder,base,0.5,355,1,1,0,1527,9668e9c3a58c94ac3fc1b1db7eede01ec995c8a80fac2ed143b7e0b8b40b6c92,class matcher sigil,primary_dom_d50s1_ladder_0__0a5965e369fa0b20|dom:d50s1:t005:T_CLASS_SIGIL:0|ladder|002,smoke-local-20261005,2,p33/1,dom:d50s1:t005:T_CLASS_SIGIL:0,dev,t005,T_CLASS_SIGIL,False
ok,smoke,DEVELOPMENT,dom,d50s1,Qwen/Qwen2.5-Coder-0.5B,8123ea2e9354afb7ffcc6c8641d1b2f5ecf18301,cc349caf59f0697a,sigil,rule,primary_dom_d50s1_ladder_0__0a5965e369fa0b20,21,.,#,"[""t001"", ""t035"", ""t017"", ""t010""]",ac3a3278d062e7006c72bbb860acce00e2c02e8e395a5f1be2959f73645409fa,20261005,a93eca94fd900ee86378dc781080b6391f5f390b5e33d69378fce87f496e4aaa,bfloat16,,.,#,True,394,ladder,-4.27539,-2.37651,1.89888,False,qwen2.5-coder,base,0.5,394,1,1,0,1527,9668e9c3a58c94ac3fc1b1db7eede01ec995c8a80fac2ed143b7e0b8b40b6c92,class matcher sigil,primary_dom_d50s1_ladder_0__0a5965e369fa0b20|dom:d50s1:t005:T_CLASS_SIGIL:0|ladder|004,smoke-local-20261005,4,p33/1,dom:d50s1:t005:T_CLASS_SIGIL:0,dev,t005,T_CLASS_SIGIL,False
ok,smoke,DEVELOPMENT,dom,d50s1,Qwen/Qwen2.5-Coder-0.5B,8123ea2e9354afb7ffcc6c8641d1b2f5ecf18301,cc349caf59f0697a,sigil,rule,primary_dom_d50s1_ladder_0__0a5965e369fa0b20,21,.,#,"[""t001"", ""t035"", ""t017"", ""t010"", ""t019"", ""t012"", ""t015"", ""t043""]",ac3a3278d062e7006c72bbb860acce00e2c02e8e395a5f1be2959f73645409fa,20261005,63ff57672ee686a94202c3e7fd735602917b8a197bc976484e4615d2aafcbf93,bfloat16,,.,#,True,490,ladder,-6.1458,-0.44528,5.70052,False,qwen2.5-coder,base,0.5,490,1,1,0,1527,9668e9c3a58c94ac3fc1b1db7eede01ec995c8a80fac2ed143b7e0b8b40b6c92,class matcher sigil,primary_dom_d50s1_ladder_0__0a5965e369fa0b20|dom:d50s1:t005:T_CLASS_SIGIL:0|ladder|008,smoke-local-20261005,8,p33/1,dom:d50s1:t005:T_CLASS_SIGIL:0,dev,t005,T_CLASS_SIGIL,False
ok,smoke,DEVELOPMENT,dom,d50s1,Qwen/Qwen2.5-Coder-0.5B,8123ea2e9354afb7ffcc6c8641d1b2f5ecf18301,cc349caf59f0697a,verb,rule,primary_dom_d50s1_ladder_1__91dc6ccf096bdea5,30,duplicate,move,[],ac3a3278d062e7006c72bbb860acce00e2c02e8e395a5f1be2959f73645409fa,20261005,e3b0c44298fc1c149afbf4c8996fb92427ae41e4649b934ca495991b7852b855,bfloat16,,duplicate,move,True,308,ladder,-9.07718,-4.9346,4.14258,False,qwen2.5-coder,base,0.5,308,1,1,0,1527,9668e9c3a58c94ac3fc1b1db7eede01ec995c8a80fac2ed143b7e0b8b40b6c92,operation verb,primary_dom_d50s1_ladder_1__91dc6ccf096bdea5|dom:d50s1:t006:T_VERB_DUPLICATE:0|ladder|000,smoke-local-20261005,0,p33/1,dom:d50s1:t006:T_VERB_DUPLICATE:0,dev,t006,T_VERB_DUPLICATE,False
ok,smoke,DEVELOPMENT,dom,d50s1,Qwen/Qwen2.5-Coder-0.5B,8123ea2e9354afb7ffcc6c8641d1b2f5ecf18301,cc349caf59f0697a,verb,rule,primary_dom_d50s1_ladder_1__91dc6ccf096bdea5,30,duplicate,move,"[""t001""]",ac3a3278d062e7006c72bbb860acce00e2c02e8e395a5f1be2959f73645409fa,20261005,d281337a913d3f81d197158d3ee357b54a09ef7522d4808539b5617341ef1af3,bfloat16,,duplicate,move,True,324,ladder,-6.84532,-4.13054,2.71478,False,qwen2.5-coder,base,0.5,324,1,1,0,1527,9668e9c3a58c94ac3fc1b1db7eede01ec995c8a80fac2ed143b7e0b8b40b6c92,operation verb,primary_dom_d50s1_ladder_1__91dc6ccf096bdea5|dom:d50s1:t006:T_VERB_DUPLICATE:0|ladder|001,smoke-local-20261005,1,p33/1,dom:d50s1:t006:T_VERB_DUPLICATE:0,dev,t006,T_VERB_DUPLICATE,False
ok,smoke,DEVELOPMENT,dom,d50s1,Qwen/Qwen2.5-Coder-0.5B,8123ea2e9354afb7ffcc6c8641d1b2f5ecf18301,cc349caf59f0697a,verb,rule,primary_dom_d50s1_ladder_1__91dc6ccf096bdea5,30,duplicate,move,"[""t001"", ""t035""]",ac3a3278d062e7006c72bbb860acce00e2c02e8e395a5f1be2959f73645409fa,20261005,241b87f7bf9d0c3f82fa149ea51a0a99b81dbb045d69aa8cf34a7d506e0b2244,bfloat16,,duplicate,move,True,359,ladder,-4.9474,-3.17558,1.77182,False,qwen2.5-coder,base,0.5,359,1,1,0,1527,9668e9c3a58c94ac3fc1b1db7eede01ec995c8a80fac2ed143b7e0b8b40b6c92,operation verb,primary_dom_d50s1_ladder_1__91dc6ccf096bdea5|dom:d50s1:t006:T_VERB_DUPLICATE:0|ladder|002,smoke-local-20261005,2,p33/1,dom:d50s1:t006:T_VERB_DUPLICATE:0,dev,t006,T_VERB_DUPLICATE,False
ok,smoke,DEVELOPMENT,dom,d50s1,Qwen/Qwen2.5-Coder-0.5B,8123ea2e9354afb7ffcc6c8641d1b2f5ecf18301,cc349caf59f0697a,verb,rule,primary_dom_d50s1_ladder_1__91dc6ccf096bdea5,30,duplicate,move,"[""t001"", ""t035"", ""t017"", ""t010""]",ac3a3278d062e7006c72bbb860acce00e2c02e8e395a5f1be2959f73645409fa,20261005,a93eca94fd900ee86378dc781080b6391f5f390b5e33d69378fce87f496e4aaa,bfloat16,,duplicate,move,True,398,ladder,-5.14708,-2.70736,2.43972,False,qwen2.5-coder,base,0.5,398,1,1,0,1527,9668e9c3a58c94ac3fc1b1db7eede01ec995c8a80fac2ed143b7e0b8b40b6c92,operation verb,primary_dom_d50s1_ladder_1__91dc6ccf096bdea5|dom:d50s1:t006:T_VERB_DUPLICATE:0|ladder|004,smoke-local-20261005,4,p33/1,dom:d50s1:t006:T_VERB_DUPLICATE:0,dev,t006,T_VERB_DUPLICATE,False
ok,smoke,DEVELOPMENT,dom,d50s1,Qwen/Qwen2.5-Coder-0.5B,8123ea2e9354afb7ffcc6c8641d1b2f5ecf18301,cc349caf59f0697a,verb,rule,primary_dom_d50s1_ladder_1__91dc6ccf096bdea5,30,duplicate,move,"[""t001"", ""t035"", ""t017"", ""t010"", ""t019"", ""t012"", ""t015"", ""t043""]",ac3a3278d062e7006c72bbb860acce00e2c02e8e395a5f1be2959f73645409fa,20261005,63ff57672ee686a94202c3e7fd735602917b8a197bc976484e4615d2aafcbf93,bfloat16,,duplicate,move,True,494,ladder,-3.45766,-2.92109,0.536566,False,qwen2.5-coder,base,0.5,494,1,1,0,1527,9668e9c3a58c94ac3fc1b1db7eede01ec995c8a80fac2ed143b7e0b8b40b6c92,operation verb,primary_dom_d50s1_ladder_1__91dc6ccf096bdea5|dom:d50s1:t006:T_VERB_DUPLICATE:0|ladder|008,smoke-local-20261005,8,p33/1,dom:d50s1:t006:T_VERB_DUPLICATE:0,dev,t006,T_VERB_DUPLICATE,False
ok,smoke,DEVELOPMENT,dom,d50s1,Qwen/Qwen2.5-Coder-0.5B,8123ea2e9354afb7ffcc6c8641d1b2f5ecf18301,cc349caf59f0697a,keyword,rule,primary_dom_d50s1_ladder_1__91dc6ccf096bdea5,31,mesh,light,[],ac3a3278d062e7006c72bbb860acce00e2c02e8e395a5f1be2959f73645409fa,20261005,e3b0c44298fc1c149afbf4c8996fb92427ae41e4649b934ca495991b7852b855,bfloat16,,mesh,light,True,307,ladder,-1.61295,-4.17812,-2.56518,False,qwen2.5-coder,base,0.5,307,1,1,0,1527,9668e9c3a58c94ac3fc1b1db7eede01ec995c8a80fac2ed143b7e0b8b40b6c92,type selector keyword,primary_dom_d50s1_ladder_1__91dc6ccf096bdea5|dom:d50s1:t011:T_TYPE_MESH:0|ladder|000,smoke-local-20261005,0,p33/1,dom:d50s1:t011:T_TYPE_MESH:0,dev,t011,T_TYPE_MESH,False
ok,smoke,DEVELOPMENT,dom,d50s1,Qwen/Qwen2.5-Coder-0.5B,8123ea2e9354afb7ffcc6c8641d1b2f5ecf18301,cc349caf59f0697a,keyword,rule,primary_dom_d50s1_ladder_1__91dc6ccf096bdea5,31,mesh,light,"[""t001""]",ac3a3278d062e7006c72bbb860acce00e2c02e8e395a5f1be2959f73645409fa,20261005,d281337a913d3f81d197158d3ee357b54a09ef7522d4808539b5617341ef1af3,bfloat16,,mesh,light,True,323,ladder,-2.26964,-3.96877,-1.69913,False,qwen2.5-coder,base,0.5,323,1,1,0,1527,9668e9c3a58c94ac3fc1b1db7eede01ec995c8a80fac2ed143b7e0b8b40b6c92,type selector keyword,primary_dom_d50s1_ladder_1__91dc6ccf096bdea5|dom:d50s1:t011:T_TYPE_MESH:0|ladder|001,smoke-local-20261005,1,p33/1,dom:d50s1:t011:T_TYPE_MESH:0,dev,t011,T_TYPE_MESH,False
ok,smoke,DEVELOPMENT,dom,d50s1,Qwen/Qwen2.5-Coder-0.5B,8123ea2e9354afb7ffcc6c8641d1b2f5ecf18301,cc349caf59f0697a,keyword,rule,primary_dom_d50s1_ladder_1__91dc6ccf096bdea5,31,mesh,light,"[""t001"", ""t035""]",ac3a3278d062e7006c72bbb860acce00e2c02e8e395a5f1be2959f73645409fa,20261005,241b87f7bf9d0c3f82fa149ea51a0a99b81dbb045d69aa8cf34a7d506e0b2244,bfloat16,,mesh,light,True,358,ladder,-2.46978,-1.76389,0.705887,False,qwen2.5-coder,base,0.5,358,1,1,0,1527,9668e9c3a58c94ac3fc1b1db7eede01ec995c8a80fac2ed143b7e0b8b40b6c92,type selector keyword,primary_dom_d50s1_ladder_1__91dc6ccf096bdea5|dom:d50s1:t011:T_TYPE_MESH:0|ladder|002,smoke-local-20261005,2,p33/1,dom:d50s1:t011:T_TYPE_MESH:0,dev,t011,T_TYPE_MESH,False
ok,smoke,DEVELOPMENT,dom,d50s1,Qwen/Qwen2.5-Coder-0.5B,8123ea2e9354afb7ffcc6c8641d1b2f5ecf18301,cc349caf59f0697a,keyword,rule,primary_dom_d50s1_ladder_1__91dc6ccf096bdea5,31,mesh,light,"[""t001"", ""t035"", ""t017"", ""t010""]",ac3a3278d062e7006c72bbb860acce00e2c02e8e395a5f1be2959f73645409fa,20261005,a93eca94fd900ee86378dc781080b6391f5f390b5e33d69378fce87f496e4aaa,bfloat16,,mesh,light,True,397,ladder,-2.41786,-2.00681,0.411041,False,qwen2.5-coder,base,0.5,397,1,1,0,1527,9668e9c3a58c94ac3fc1b1db7eede01ec995c8a80fac2ed143b7e0b8b40b6c92,type selector keyword,primary_dom_d50s1_ladder_1__91dc6ccf096bdea5|dom:d50s1:t011:T_TYPE_MESH:0|ladder|004,smoke-local-20261005,4,p33/1,dom:d50s1:t011:T_TYPE_MESH:0,dev,t011,T_TYPE_MESH,False
ok,smoke,DEVELOPMENT,dom,d50s1,Qwen/Qwen2.5-Coder-0.5B,8123ea2e9354afb7ffcc6c8641d1b2f5ecf18301,cc349caf59f0697a,keyword,rule,primary_dom_d50s1_ladder_1__91dc6ccf096bdea5,31,mesh,light,"[""t001"", ""t035"", ""t017"", ""t010"", ""t019"", ""t012"", ""t015"", ""t043""]",ac3a3278d062e7006c72bbb860acce00e2c02e8e395a5f1be2959f73645409fa,20261005,63ff57672ee686a94202c3e7fd735602917b8a197bc976484e4615d2aafcbf93,bfloat16,,mesh,light,True,493,ladder,-0.980163,-2.00224,-1.02207,False,qwen2.5-coder,base,0.5,493,1,1,0,1527,9668e9c3a58c94ac3fc1b1db7eede01ec995c8a80fac2ed143b7e0b8b40b6c92,type selector keyword,primary_dom_d50s1_ladder_1__91dc6ccf096bdea5|dom:d50s1:t011:T_TYPE_MESH:0|ladder|008,smoke-local-20261005,8,p33/1,dom:d50s1:t011:T_TYPE_MESH:0,dev,t011,T_TYPE_MESH,False
