record_type,stage,split,family,lexicon,model,model_revision,tokenizer_id,stratum,condition,n_rows,n_templates,n_mappings,prevalence,ci_excludes_zero,ci_hi,ci_lo,ci_reps,ci_seed,ci_status,ci_unit,control,mean_rule_effect,median_rule_effect,n_clusters,n_pairs,reversion_rate,share_helped
reversion,smoke,DEVELOPMENT,dom,d50s1,Qwen/Qwen2.5-Coder-0.5B,8123ea2e9354afb7ffcc6c8641d1b2f5ecf18301,cc349caf59f0697a,ALL,rule,12,11,1,0.583333,,0.833333,0.333333,200,20261002,ok,template,,,,11,,0.583333,
rule_effect,smoke,DEVELOPMENT,dom,d50s1,Qwen/Qwen2.5-Coder-0.5B,8123ea2e9354afb7ffcc6c8641d1b2f5ecf18301,cc349caf59f0697a,ALL,,12,11,1,,False,0.911246,-0.432567,200,20261002,ok,template,norule,0.181757,0.21862,11,12,,0.583333
rule_effect,smoke,DEVELOPMENT,dom,d50s1,Qwen/Qwen2.5-Coder-0.5B,8123ea2e9354afb7ffcc6c8641d1b2f5ecf18301,cc349caf59f0697a,ALL,,12,11,1,,False,1.13091,-0.367758,200,20261002,ok,template,norule_lenmatched,0.291142,0.201993,11,12,,0.583333
reversion,smoke,DEVELOPMENT,dom,d50s1,Qwen/Qwen2.5-Coder-0.5B,8123ea2e9354afb7ffcc6c8641d1b2f5ecf18301,cc349caf59f0697a,keyword,rule,4,4,1,0.5,,,,200,20261002,NO INTERVAL (<8 template clusters),template,,,,,,0.5,
rule_effect,smoke,DEVELOPMENT,dom,d50s1,Qwen/Qwen2.5-Coder-0.5B,8123ea2e9354afb7ffcc6c8641d1b2f5ecf18301,cc349caf59f0697a,keyword,,4,4,1,,,,,200,20261002,NO INTERVAL (<8 template clusters),template,norule,0.106088,0.21862,,4,,0.75
rule_effect,smoke,DEVELOPMENT,dom,d50s1,Qwen/Qwen2.5-Coder-0.5B,8123ea2e9354afb7ffcc6c8641d1b2f5ecf18301,cc349caf59f0697a,keyword,,4,4,1,,,,,200,20261002,NO INTERVAL (<8 template clusters),template,norule_lenmatched,0.161629,0.0937175,,4,,0.5
reversion,smoke,DEVELOPMENT,dom,d50s1,Qwen/Qwen2.5-Coder-0.5B,8123ea2e9354afb7ffcc6c8641d1b2f5ecf18301,cc349caf59f0697a,sigil,rule,4,4,1,0.5,,,,200,20261002,NO INTERVAL (<8 template clusters),template,,,,,,0.5,
rule_effect,smoke,DEVELOPMENT,dom,d50s1,Qwen/Qwen2.5-Coder-0.5B,8123ea2e9354afb7ffcc6c8641d1b2f5ecf18301,cc349caf59f0697a,sigil,,4,4,1,,,,,200,20261002,NO INTERVAL (<8 template clusters),template,norule,0.212567,0.16289,,4,,0.5
rule_effect,smoke,DEVELOPMENT,dom,d50s1,Qwen/Qwen2.5-Coder-0.5B,8123ea2e9354afb7ffcc6c8641d1b2f5ecf18301,cc349caf59f0697a,sigil,,4,4,1,,,,,200,20261002,NO INTERVAL (<8 template clusters),template,norule_lenmatched,0.306223,0.264548,,4,,0.75
reversion,smoke,DEVELOPMENT,dom,d50s1,Qwen/Qwen2.5-Coder-0.5B,8123ea2e9354afb7ffcc6c8641d1b2f5ecf18301,cc349caf59f0697a,verb,rule,4,4,1,0.75,,,,200,20261002,NO INTERVAL (<8 template clusters),template,,,,,,0.75,
rule_effect,smoke,DEVELOPMENT,dom,d50s1,Qwen/Qwen2.5-Coder-0.5B,8123ea2e9354afb7ffcc6c8641d1b2f5ecf18301,cc349caf59f0697a,verb,,4,4,1,,,,,200,20261002,NO INTERVAL (<8 template clusters),template,norule,0.226618,-0.266752,,4,,0.5
rule_effect,smoke,DEVELOPMENT,dom,d50s1,Qwen/Qwen2.5-Coder-0.5B,8123ea2e9354afb7ffcc6c8641d1b2f5ecf18301,cc349caf59f0697a,verb,,4,4,1,,,,,200,20261002,NO INTERVAL (<8 template clusters),template,norule_lenmatched,0.405572,-0.145087,,4,,0.5
